{
  "project_info": {
    "project_number": "956025398939",
    "project_id": "multi-purpose-toolkit",
    "storage_bucket": "multi-purpose-toolkit.appspot.com"
  },
  "client": [
    {
      "client_info": {
        "mobilesdk_app_id": "1:956025398939:android:0d2ad801036dd35e3dc83e",
        "android_client_info": {
          "package_name": "com.nextlevelprogrammers.toolkit"
        }
      },
      "oauth_client": [
        {
          "client_id": "956025398939-m8o450e305aibrv9j4180m3tf1ndt6i4.apps.googleusercontent.com",
          "client_type": 3
        }
      ],
      "api_key": [
        {
          "current_key": "AIzaSyDbM0Ci8R1Ih5GMuE7ZLbq3yPl2aawktFo"
        }
      ],
      "services": {
        "appinvite_service": {
          "other_platform_oauth_client": [
            {
              "client_id": "956025398939-m8o450e305aibrv9j4180m3tf1ndt6i4.apps.googleusercontent.com",
              "client_type": 3
            }
          ]
        }
      }
    }
  ],
  "configuration_version": "1"
}